<?xml version="1.0" encoding="UTF-8"?><?xml-stylesheet type='text/xsl' href='_UpgradeReport_Files/UpgradeReport.xslt'?><UpgradeLog>
<Properties><Property Name="Solution" Value="New御剑1.5">
</Property><Property Name="解决方案文件" Value="E:\旧硬盘数据\F盘\御剑1.5(NEW)\New御剑1.5 - 副本\New御剑1.5.sln">
</Property><Property Name="Date" Value="2012年3月4日 星期日">
</Property><Property Name="Time" Value="14:26">
</Property></Properties><Event ErrorLevel="0" Project="New御剑1.5" Source="New御剑1.5\New御剑1.5.vbproj" Description="项目已成功转换">
</Event><Event ErrorLevel="3" Project="New御剑1.5" Source="New御剑1.5\New御剑1.5.vbproj" Description="Converted">
</Event><Event ErrorLevel="0" Project="" Source="New御剑1.5.sln" Description="成功转换解决方案">
</Event><Event ErrorLevel="3" Project="" Source="New御剑1.5.sln" Description="Converted">
</Event><Event ErrorLevel="0" Project="New御剑1.5" Source="New御剑1.5\New御剑1.5.vbproj" Description="扫描完成: 项目文件不需要升级。">
</Event></UpgradeLog>